id;cv;cv_content_type;first_name;last_name;raw_name;middle;title;prefix;suffix;formatted_location;postal_code;region;country;country_code;raw_input_location;street;street_number;apartment_number;city;self_summary;objective;date_of_birth;place_of_birth;phones;mails;urls;current_profession;gender;nationality;martial_status;current_salary
1;../fake-data/blob/hipster.png;image/png;Maida;Balistreri;than rim;duh if intensely;cumbersome signify;whenever;unfinished disintegrate;faithfully queasy mash;yahoo exception;so sulfur;Niger;ZM;yippee;Jamal Crossing;how below meh;ample loosely;South Lysanne;astride sans;supersede quizzically;2024-01-27T08:57:16;because ha serious;embed;tote;into till;but whether;er;ick councilor;eponym which whenever;8906.91
2;../fake-data/blob/hipster.png;image/png;Franz;Beer;unlock mishear;reconvene;aha whoever;business fooey perfectly;once apud;pfft boo;soften hourly;hilarious so;Hong Kong;NG;poised winter;Mraz Valleys;walker fatally;mostly;North Davonte;survey meh grave;flowery;2024-01-27T15:05:20;faithfully;gregarious snarling er;wonderfully;boohoo;swiftly plus hector;collate;virtual;remix failing;3185.88
3;../fake-data/blob/hipster.png;image/png;Toney;Kris;angrily before;ratify subroutine;yippee nippy disturb;noisily gah;even robe;journal;phooey usually;half;Nigeria;GR;between;Jacobs Rue;how;pastel incomplete uh-huh;Portage;round which call;gosh worriedly after;2024-01-27T15:58:00;smoking;elegantly lodge;splendid nutty;parchment reveal;rawhide;towards;abnormally unless goal;sparse;18933.02
4;../fake-data/blob/hipster.png;image/png;Sasha;Crooks-Parisian;mammoth broker enthuse;focus while;simplification mild besides;to;exhume along while;tackle zowie helpfully;raw male;considering;Bulgaria;FJ;slider abnormally;E 4th Avenue;athwart minus;who;South Calista;oddly;anti mmm pace;2024-01-26T20:58:31;so thoroughly nutty;an knowingly columnist;yahoo appoint degree;where decay like;ick;cheerful and;outstanding excluding satire;around holler;1821.69
5;../fake-data/blob/hipster.png;image/png;Alexanne;Hane;sour;joint;likewise besides;tinderbox once;youthfully inasmuch doze;likewise under;oh;once vastly;Lao People's Democratic Republic;SG;gadzooks buoyant;Block Extensions;fervently snowman decouple;finally mad;Dereckland;inculcate once hm;sore gee;2024-01-27T07:15:43;next yet;astride gosh brightly;besides amongst;if bull-fighter;loosely;whoever warlike;modulate;relieve stopsign whose;10536.98
6;../fake-data/blob/hipster.png;image/png;Marguerite;Walsh;dibble painter;able;beautifully;alongside;whoa traumatise;rigidly dearly when;sheepishly absent;instead game whenever;Australia;PY;well-documented;Padberg Club;safely;whenever;Kulasstead;indeed;loud shakily;2024-01-27T07:20:52;by needily;opposite complete poorly;qua till;renovate judgementally psst;anti;despite given;staid best;forum inflate rebuke;11561.02
7;../fake-data/blob/hipster.png;image/png;Madalyn;Dickens;reader besides brr;per;fast;scratch pause;psychoanalyse upright generally;speech under severe;shrilly;inasmuch modulo respite;Myanmar;UG;far including dramaturge;Isabelle Fall;consequently sentimental immediately;stream;Long Beach;growing fooey boohoo;nuzzle;2024-01-27T06:20:02;esteemed kookily;but;incidentally contradict;good;upside-down touch;um but;considering selfishly;skip because despite;6515.98
8;../fake-data/blob/hipster.png;image/png;Joanny;Lebsack-Hilll;obediently;gee;despite so sideline;gadzooks sizzling;off intently dime;yahoo perfectly penalise;after um depressive;boohoo lest;Aruba;PY;deflect and;W Broadway Street;vaguely;but;Ondrickastad;reassuringly likewise;into some;2024-01-26T21:59:13;inwardly likewise insecure;overconfidently;putrid inside overconfidently;cot where concerning;psst hunt;gnat roughly;for;zoologist mortified before;4372.96
9;../fake-data/blob/hipster.png;image/png;Therese;Moen;yuck hastily bicycle;consequently qua colonise;nickel;meanwhile scarcely solidly;lest coolly enquiry;exciting;notwithstanding pish;revolving between;South Sudan;GR;phew;Ullrich Ridge;impossible;counsel at meh;Terre Haute;yet;mmm;2024-01-27T20:03:45;phew;haunting wherever;until raft;boo jug;ha scarcely;oof;wardrobe mmm embarrassed;flickering thicken;26819.09
10;../fake-data/blob/hipster.png;image/png;Jerrod;Bogan;once;apud whereas;except;amongst labour reincarnate;shoat mess;and;banquette;travel youthfully boohoo;Netherlands;CM;impure animate;Bonita Ridges;ragged game retool;optimistic with;Jerrellhaven;abbreviate upward;hmph wisely;2024-01-27T01:46:45;acrobatic yack valuable;at why lightly;within;madly herald;wooden;fortunately;criticise yippee;unlike sportsman giggle;32484.86
