id;title;start_date;end_date;company;description;industry;formatted_location;postal_code;region;country;country_code;raw_input_location;street;street_number;apartment_number;city
1;provided sponge;2024-01-27T19:59:03;2024-01-27T01:28:38;sled;ounce likewise;among stained;who;blah;bronze enroll;Georgia;BM;finally adopt add;Orland Walk;comfortable for;clearly;South Katharina
2;like yahoo;2024-01-27T17:50:06;2024-01-27T07:03:55;experienced;commonly;inflation;clue;abaft incidentally;yet over;Oman;MO;meanwhile trace spicy;Moen Causeway;knowingly;oof magnificent;Rippinberg
3;unless ironclad kiddingly;2024-01-26T22:17:11;2024-01-27T14:07:20;unfolded pish;circa butcher;willfully father;ugh ah uh-huh;lieu fairy intimate;until distract;Poland;PM;however apud;York Street;viciously;nearly yahoo;Port Viva
4;wary calmly colonisation;2024-01-26T22:39:19;2024-01-27T14:20:34;phew joyously;axis gently unless;because;following;unfinished bruised bin;or modulo rapidly;New Zealand;SA;near;Karelle Course;dude adapt sheepishly;huzzah;Flint
5;evoke;2024-01-26T22:14:59;2024-01-27T02:35:32;alongside duh ferryboat;where scratchy sheepishly;sadly yahoo mess;geez or;under duh;beautifully anenst strand;Guyana;BS;con migrant;Little Key;receipt fooey duh;than;Bridgeport
6;indeed;2024-01-27T05:19:12;2024-01-27T15:15:03;equally;utterly;regarding;act;boo woot pace;slight except;Saint Helena;TC;pfft;Catharine Views;frugal;hydraulics cautiously what;West Alfonsoberg
7;annually;2024-01-27T10:13:30;2024-01-27T17:47:10;excitedly thunderous considering;whereas spike duh;in intuit pace;duh yearly;concuss;whereas adolescent;Iceland;SL;within who consequently;Park Street;common perfectly;utterly patiently given;Kenosha
8;fine via jagged;2024-01-27T19:42:18;2024-01-27T01:36:39;advice strictly;boohoo;elliptical;gadzooks indicator yet;via now;recklessly through yahoo;Paraguay;ML;solidly circa overdevelop;Wilfredo Shoals;bah opposite a;dreamily however;Ambrosehaven
9;motherly brr;2024-01-27T12:03:38;2024-01-27T09:48:08;concur blah astride;coarsen;itch acceptable where;solid;immortalise quotation;underpants gadzooks;Montserrat;CL;what jeer;Billie Plain;qualified er beneath;grit;New Henrietteville
10;why provided;2024-01-27T10:04:19;2024-01-27T13:42:31;tiptoe;fit;gosh mixed honestly;unnatural;rationalise yet;darling;Ireland;EC;disassemble curiously instead;Meredith Hollow;flexibility;mortally;Oswaldoshire
